email,password,memberId,bookId
member1,password123,1,1
member2,password123,2,2
member3,password123,3,3
member4,password123,4,4
member5,password123,5,5
member6,password123,6,6
member7,password123,7,7
member8,password123,8,8
member9,password123,9,9
member10,password123,10,10
member11,password123,11,11
member12,password123,12,12
member13,password123,13,13
member14,password123,14,14
member15,password123,15,15
member16,password123,16,16
member17,password123,17,17
member18,password123,18,18
member19,password123,19,19
member20,password123,20,20
member21,password123,21,21
member22,password123,22,22
member23,password123,23,23
member24,password123,24,24
member25,password123,25,25
member26,password123,26,26
member27,password123,27,27
member28,password123,28,28
member29,password123,29,29
member30,password123,30,30
member31,password123,31,31
member32,password123,32,32
member33,password123,33,33
member34,password123,34,34
member35,password123,35,35
member36,password123,36,36
member37,password123,37,37
member38,password123,38,38
member39,password123,39,39
member40,password123,40,40
member41,password123,41,41
member42,password123,42,42
member43,password123,43,43
member44,password123,44,44
member45,password123,45,45
member46,password123,46,46
member47,password123,47,47
member48,password123,48,48
member49,password123,49,49
member50,password123,50,50
member51,password123,51,51
member52,password123,52,52
member53,password123,53,53
member54,password123,54,54
member55,password123,55,55
member56,password123,56,56
member57,password123,57,57
member58,password123,58,58
member59,password123,59,59
member60,password123,60,60
member61,password123,61,61
member62,password123,62,62
member63,password123,63,63
member64,password123,64,64
member65,password123,65,65
member66,password123,66,66
member67,password123,67,67
member68,password123,68,68
member69,password123,69,69
member70,password123,70,70
member71,password123,71,71
member72,password123,72,72
member73,password123,73,73
member74,password123,74,74
member75,password123,75,75
member76,password123,76,76
member77,password123,77,77
member78,password123,78,78
member79,password123,79,79
member80,password123,80,80
member81,password123,81,81
member82,password123,82,82
member83,password123,83,83
member84,password123,84,84
member85,password123,85,85
member86,password123,86,86
member87,password123,87,87
member88,password123,88,88
member89,password123,89,89
member90,password123,90,90
member91,password123,91,91
member92,password123,92,92
member93,password123,93,93
member94,password123,94,94
member95,password123,95,95
member96,password123,96,96
member97,password123,97,97
member98,password123,98,98
member99,password123,99,99
member100,password123,100,100
